<?xml version="1.0" encoding="UTF-8"?>
<project-private xmlns="http://www.netbeans.org/ns/project-private/1">
    <editor-bookmarks xmlns="http://www.netbeans.org/ns/editor-bookmarks/2" lastBookmarkId="0"/>
    <open-files xmlns="http://www.netbeans.org/ns/projectui-open-files/2">
        <group>
            <file>file:/home/weldo/Área%20de%20Trabalho/TrabalhoTp1/trabFinal%20(1)/trabalhoFinal/src/Modelo/Importar_ExportarDadosAdm.java</file>
            <file>file:/home/weldo/Área%20de%20Trabalho/TrabalhoTp1/trabFinal%20(1)/trabalhoFinal/src/telas/CadastroAdm.java</file>
        </group>
    </open-files>
</project-private>
